{
  "timestamp": "20251125_155951",
  "metrics": {
    "sentiment": {
      "accuracy": 0.205,
      "f1_macro": 0.07884615384615384,
      "f1_weighted": 0.10841346153846153,
      "mae": 1.3100453347718684,
      "n_samples": 200,
      "n_classes": 5
    },
    "respect": {
      "accuracy": 0.745,
      "f1_macro": 0.4624505928853755,
      "f1_weighted": 0.7469486166007906,
      "mae": 1.386371143490577,
      "n_samples": 200,
      "n_classes": 2
    },
    "insult": {
      "accuracy": 0.275,
      "f1_macro": 0.18937885711111696,
      "f1_weighted": 0.1974689750133747,
      "mae": 1.5254727804009283,
      "n_samples": 200,
      "n_classes": 4
    },
    "humiliate": {
      "accuracy": 0.245,
      "f1_macro": 0.14728132387706855,
      "f1_weighted": 0.10962765957446807,
      "mae": 1.523708261816502,
      "n_samples": 200,
      "n_classes": 3
    },
    "status": {
      "accuracy": 0.975,
      "f1_macro": 0.4936708860759494,
      "f1_weighted": 0.9725316455696204,
      "mae": 0.7359248531912377,
      "n_samples": 200,
      "n_classes": 2
    },
    "dehumanize": {
      "accuracy": 0.435,
      "f1_macro": 0.3174473739844765,
      "f1_weighted": 0.27495847301501014,
      "mae": 1.1217985257788095,
      "n_samples": 200,
      "n_classes": 2
    },
    "violence": {
      "accuracy": 0.77,
      "f1_macro": 0.5361968138737648,
      "f1_weighted": 0.7173119580560597,
      "mae": 0.8521000046084671,
      "n_samples": 200,
      "n_classes": 2
    },
    "genocide": {
      "accuracy": 0.89,
      "f1_macro": 0.4708994708994709,
      "f1_weighted": 0.8382010582010581,
      "mae": 0.8477651580899912,
      "n_samples": 200,
      "n_classes": 2
    },
    "attack_defend": {
      "accuracy": 0.315,
      "f1_macro": 0.27439553910142145,
      "f1_weighted": 0.25292811763399997,
      "mae": 0.9298102836243874,
      "n_samples": 200,
      "n_classes": 4
    }
  }
}